rois,time_seconds
  4,   0.209898
  8,   0.315835 
 16,   2.113003
 32,   5.438015
 64,  25.715452
128, 134.673826 
256, 805.419443
512,5325.214782
