rois, time_seconds,   corr,    svd, parfor_model_tsvd
  4,      0.209898,       ,       ,          0.154626
  8,      0.315835,       ,       ,          0.282003
 16,      2.113003,       ,       ,          0.983599
 32,      5.438015,       ,       ,          2.034323
 64,     25.715452,       ,       ,         10.777248
128,    134.673826,       ,       ,         98.549289
256,    805.419443,  0.105, 13.202,        497.955
512,   5325.214782,       , 64.183,       2959.767
